106817824,C8CAABb9SQHjAQA6ADIBAw==,mph,70
172938030,C8KBjxmEogHjAAAdAB8BAw==,mph,70
50324987,C7wzpxUcGwH2Dfz5/xYBFg==,mph,60
231738435,C8cdqBzDogHsBADL/0YBDA==,mph,40
106780378,C8BOdRXSZQHxAf/a/60BEQ==,mph,70
116748066,C8FZvhXk3AH+Cv9OAiABHg==,mph,65
495903221,C8F03xdbjAHkBQDuAMMBBA==,mph,70
406215748,C7nsuhT7vQHkBQEPAKIBBQ==,mph,30
35307314,C7VMgRxM2QH3Bv5b/8UBFg==,mph,65
"301595694",C8mD7hvvWwH/Af/+ADUBHw==,mph,40
301595694,C8mD7hvvWwH/Af/+ADUBHw==,,30
